{
  "project_info": {
    "project_number": "834281610808",
    "project_id": "finalproject-e69b2",
    "storage_bucket": "finalproject-e69b2.firebasestorage.app"
  },
  "client": [
    {
      "client_info": {
        "mobilesdk_app_id": "1:834281610808:android:2603644a0e08198c1210cd",
        "android_client_info": {
          "package_name": "com.example.admin_login"
        }
      },
      "oauth_client": [],
      "api_key": [
        {
          "current_key": "AIzaSyApa5XZRMipub7mH8I3WqAhVCczZybsRus"
        }
      ],
      "services": {
        "appinvite_service": {
          "other_platform_oauth_client": []
        }
      }
    },
    {
      "client_info": {
        "mobilesdk_app_id": "1:834281610808:android:7175595a40f4226c1210cd",
        "android_client_info": {
          "package_name": "com.example.chemlab"
        }
      },
      "oauth_client": [],
      "api_key": [
        {
          "current_key": "AIzaSyApa5XZRMipub7mH8I3WqAhVCczZybsRus"
        }
      ],
      "services": {
        "appinvite_service": {
          "other_platform_oauth_client": []
        }
      }
    }
  ],
  "configuration_version": "1"
}